algorithm_id,path_id,method_family,base_method,hyperparameters_json,config_path,phase
gcastle_pc__grid000,gcastle_pc__grid000,gcastle_pc,gcastle_pc,"{""alpha"": 0.05, ""ci_test"": ""fisherz"", ""id"": ""gcastle_pc__grid000"", ""timeout"": null, ""variant"": ""stable""}",configs/notreks/expanded/smoke_config.json,validation
gcastle_lingam__grid000,gcastle_lingam__grid000,gcastle_lingam,gcastle_direct_lingam,"{""id"": ""gcastle_lingam__grid000"", ""measure"": ""pwling"", ""thresh"": 0.3, ""timeout"": null}",configs/notreks/expanded/smoke_config.json,validation
notreks__grid000,n000,notreks,notreks,"{""checkpoint"": 3000, ""dag_reg"": 1.0, ""dag_s"": 1.0, ""dag_seq"": ""None"", ""function_class"": ""linear"", ""id"": ""notreks__grid000"", ""independence_alpha"": 0.05, ""independence_cache_dir"": ""results/notreks_cache/notreks_smoke"", ""independence_correction"": ""benjamini-hochberg"", ""independence_test"": ""spearman"", ""init"": ""zero"", ""lr"": 0.0003, ""max_iter"": 30000, ""mu_factor"": 0.1, ""mu_init"": 1.0, ""path_steps"": 5, ""power_iter_steps"": 5, ""regularizer"": ""l1"", ""regularizer_scale"": 0.01, ""scc_threshold"": 1e-08, ""score"": ""least_squares"", ""seed"": 1, ""threshold"": 0.1, ""timeout"": null, ""tol"": 1e-06, ""trek_penalty_mu_mode"": ""hard_outside_mu"", ""trek_reg"": 1.0, ""trek_seq"": ""exp"", ""warm_iter"": 30000}",configs/notreks/expanded/smoke_config.json,validation
notreks__grid001,n001,notreks,notreks,"{""checkpoint"": 3000, ""dag_reg"": 1.0, ""dag_s"": 1.0, ""dag_seq"": ""None"", ""function_class"": ""linear"", ""id"": ""notreks__grid001"", ""independence_alpha"": 0.05, ""independence_cache_dir"": ""results/notreks_cache/notreks_smoke"", ""independence_correction"": ""benjamini-hochberg"", ""independence_test"": ""gcastle_fisherz"", ""init"": ""zero"", ""lr"": 0.0003, ""max_iter"": 30000, ""mu_factor"": 0.1, ""mu_init"": 1.0, ""path_steps"": 5, ""power_iter_steps"": 5, ""regularizer"": ""l1"", ""regularizer_scale"": 0.01, ""scc_threshold"": 1e-08, ""score"": ""least_squares"", ""seed"": 1, ""threshold"": 0.1, ""timeout"": null, ""tol"": 1e-06, ""trek_penalty_mu_mode"": ""hard_outside_mu"", ""trek_reg"": 1.0, ""trek_seq"": ""exp"", ""warm_iter"": 30000}",configs/notreks/expanded/smoke_config.json,validation
notreks__grid002,n002,notreks,notreks,"{""checkpoint"": 3000, ""dag_reg"": 1.0, ""dag_s"": 1.0, ""dag_seq"": ""logdet"", ""function_class"": ""linear"", ""id"": ""notreks__grid002"", ""independence_alpha"": 0.05, ""independence_cache_dir"": ""results/notreks_cache/notreks_smoke"", ""independence_correction"": ""benjamini-hochberg"", ""independence_test"": ""spearman"", ""init"": ""zero"", ""lr"": 0.0003, ""max_iter"": 30000, ""mu_factor"": 0.1, ""mu_init"": 1.0, ""path_steps"": 5, ""power_iter_steps"": 5, ""regularizer"": ""l1"", ""regularizer_scale"": 0.01, ""scc_threshold"": 1e-08, ""score"": ""least_squares"", ""seed"": 1, ""threshold"": 0.1, ""timeout"": null, ""tol"": 1e-06, ""trek_penalty_mu_mode"": ""hard_outside_mu"", ""trek_reg"": 1.0, ""trek_seq"": ""exp"", ""warm_iter"": 30000}",configs/notreks/expanded/smoke_config.json,validation
notreks__grid003,n003,notreks,notreks,"{""checkpoint"": 3000, ""dag_reg"": 1.0, ""dag_s"": 1.0, ""dag_seq"": ""logdet"", ""function_class"": ""linear"", ""id"": ""notreks__grid003"", ""independence_alpha"": 0.05, ""independence_cache_dir"": ""results/notreks_cache/notreks_smoke"", ""independence_correction"": ""benjamini-hochberg"", ""independence_test"": ""gcastle_fisherz"", ""init"": ""zero"", ""lr"": 0.0003, ""max_iter"": 30000, ""mu_factor"": 0.1, ""mu_init"": 1.0, ""path_steps"": 5, ""power_iter_steps"": 5, ""regularizer"": ""l1"", ""regularizer_scale"": 0.01, ""scc_threshold"": 1e-08, ""score"": ""least_squares"", ""seed"": 1, ""threshold"": 0.1, ""timeout"": null, ""tol"": 1e-06, ""trek_penalty_mu_mode"": ""hard_outside_mu"", ""trek_reg"": 1.0, ""trek_seq"": ""exp"", ""warm_iter"": 30000}",configs/notreks/expanded/smoke_config.json,validation
notreks__grid004,n004,notreks,notreks,"{""checkpoint"": 3000, ""dag_reg"": 1.0, ""dag_s"": 1.0, ""dag_seq"": ""scc_power_iteration"", ""function_class"": ""linear"", ""id"": ""notreks__grid004"", ""independence_alpha"": 0.05, ""independence_cache_dir"": ""results/notreks_cache/notreks_smoke"", ""independence_correction"": ""benjamini-hochberg"", ""independence_test"": ""spearman"", ""init"": ""zero"", ""lr"": 0.0003, ""max_iter"": 30000, ""mu_factor"": 0.1, ""mu_init"": 1.0, ""path_steps"": 5, ""power_iter_steps"": 5, ""regularizer"": ""l1"", ""regularizer_scale"": 0.01, ""scc_threshold"": 1e-08, ""score"": ""least_squares"", ""seed"": 1, ""threshold"": 0.1, ""timeout"": null, ""tol"": 1e-06, ""trek_penalty_mu_mode"": ""hard_outside_mu"", ""trek_reg"": 1.0, ""trek_seq"": ""exp"", ""warm_iter"": 30000}",configs/notreks/expanded/smoke_config.json,validation
notreks__grid005,n005,notreks,notreks,"{""checkpoint"": 3000, ""dag_reg"": 1.0, ""dag_s"": 1.0, ""dag_seq"": ""scc_power_iteration"", ""function_class"": ""linear"", ""id"": ""notreks__grid005"", ""independence_alpha"": 0.05, ""independence_cache_dir"": ""results/notreks_cache/notreks_smoke"", ""independence_correction"": ""benjamini-hochberg"", ""independence_test"": ""gcastle_fisherz"", ""init"": ""zero"", ""lr"": 0.0003, ""max_iter"": 30000, ""mu_factor"": 0.1, ""mu_init"": 1.0, ""path_steps"": 5, ""power_iter_steps"": 5, ""regularizer"": ""l1"", ""regularizer_scale"": 0.01, ""scc_threshold"": 1e-08, ""score"": ""least_squares"", ""seed"": 1, ""threshold"": 0.1, ""timeout"": null, ""tol"": 1e-06, ""trek_penalty_mu_mode"": ""hard_outside_mu"", ""trek_reg"": 1.0, ""trek_seq"": ""exp"", ""warm_iter"": 30000}",configs/notreks/expanded/smoke_config.json,validation
marginal_trek_graph__grid000,marginal_trek_graph__grid000,marginal_trek_graph,marginal_trek_graph,"{""id"": ""marginal_trek_graph__grid000"", ""independence_alpha"": 0.05, ""independence_cache_dir"": null, ""independence_correction"": ""benjamini-hochberg"", ""independence_test"": ""gcastle_fisherz"", ""timeout"": null}",configs/notreks/expanded/smoke_config.json,validation
